{
    "website": "https://www.streamr.com/",
    "published_on": "2017-10-12",
    "links": {
        "twitter": "https://twitter.com/streamrinc",
        "github": "https://github.com/streamr-dev",
        "slack": "https://slack.streamr.com/"
    },
    "overview": {
        "en": "Streamr tokenizes streaming data to enable a new way for machines & people to trade it on a decentralised P2P network.",
        "zh": "Streamr 将流数据代币化，为人们和机器提供了一种在去中心化 P2P 网络上交易数据的新方法。"
    },
    "symbol": "DATA",
    "initial_price": {
        "ETH": "0.0001864 ETH",
        "USD": "0.0615 USD"
    },
    "whitepaper": "https://www.streamr.com/whitepaper",
    "address": "0x0Cf0Ee63788A0849fE5297F3407f701E122cC023",
    "email": "contact@streamr.com"
}