{
    "website": "https://basicattentiontoken.org/",
    "published_on": "2017-05-30",
    "links": {
        "reddit": "https://www.reddit.com/r/BATProject/",
        "twitter": "https://twitter.com/@attentiontoken",
        "medium": "https://medium.com/@attentiontoken"
    },
    "overview": {
        "en": "The Basic Attention Token is the new token for the digital advertising industry.",
        "zh": "BAT 致力于去中心化数字广告业务。"
    },
    "symbol": "BAT",
    "initial_price": {
        "ETH": "0.00018025 ETH",
        "USD": "0.04 USD"
    },
    "address": "0x0D8775F648430679A709E98d2b0Cb6250d2887EF"
}