{
    "website": "https://decentraland.org/",
    "published_on": "2017-08-17",
    "links": {
        "reddit": "https://reddit.com/r/decentraland",
        "github": "https://github.com/decentraland",
        "facebook": "https://www.facebook.com/decentraland/",
        "slack": "https://slack.decentraland.org/",
        "twitter": "https://twitter.com/decentraland"
    },
    "overview": {
        "en": "Decentraland is a virtual reality platform powered by the Ethereum blockchain. Users can create, experience, and monetize content and applications",
        "zh": "Decentraland 是一个分布式共享虚拟平台。"
    },
    "symbol": "MANA",
    "initial_price": {
        "ETH": "0.00007992 ETH",
        "USD": "0.024 USD"
    },
    "whitepaper": "https://decentraland.org/whitepaper.pdf",
    "address": "0x0F5D2fB29fb7d3CFeE444a200298f468908cC942",
    "email": "hello@decentraland.org"
}