{
    "website": "https://legolas.exchange/",
    "published_on": "2018-02-01",
    "links": {
        "reddit": "https://www.reddit.com/r/LegolasExchange/",
        "github": "https://github.com/LegolasExchange/LegolasToken",
        "slack": "https://discordapp.com/invite/RATv9AV",
        "telegram": "https://t.me/legolasannouncements",
        "twitter": "https://twitter.com/LegolasExchange",
        "facebook": "https://www.facebook.com/legolas.exchange/"
    },
    "overview": {
        "en": "Exchange with decentralized ledgers.",
        "zh": "中心化与去中心化混合的交易所平台。"
    },
    "symbol": "LGO",
    "initial_price": {
        "ETH": "0.0003094 ETH",
        "USD": "0.32 USD"
    },
    "whitepaper": "https://legolas.exchange/static/public/legolas-whitepaper-en.pdf",
    "address": "0x123aB195DD38B1b40510d467a6a359b201af056f"
}