{
  "symbol": "SPX",
  "address": "0x1AAC60e9acAfaED0cF84AdD412aB8071ef64196E",
  "overview":{
        "en": "SphinxChain ÐApp is a prediction market community built on Ethereum.",
        "zh": "『谕言』ÐApp 是一个依托于『区块链』的『社区性预测市场』。"
  },
  "email": "rd@beliefchain.com",
  "website": "https://sphinxchain.com/",
  "state": "NORMAL",
  "published_on": "2018-06-09",
  "initial_price":{
        "ETH":"0.0001 ETH"
  },
  "links": {
    "blog": "https://medium.com/@SphinxChain",
    "telegram": "https://t.me/SphinxChain",
    "github": "https://github.com/BeliefChainOrg",
    "reddit": "https://www.reddit.com/r/SphinxChain",
    "medium": "https://medium.com/@SphinxChain"
  }
}
