{
    "website": "https://www.allsportschain.com/",
    "links": {
        "telegram": "https://t.me/allsportschain",
        "twitter": "https://twitter.com/allsportschain",
        "github": "https://github.com/allsportscoin"
    },
    "overview": {
        "en": "All Sports public blockchain hopes to fill in the blank of blockchain application in sports industry through blockchain technology.",
        "zh": "All Sports 旨在通过区块链技术打造一个去中心化、全球化的体育产业链。"
    },
    "symbol": "SOC",
    "initial_price": {
        "ETH": "0.0001 ETH",
        "USD": "0.05 USD"
    },
    "whitepaper": "https://www.allsportschain.com/paper/all_sports_blockchain_open_platform_white_paper.pdf",
    "address": "0x2d0E95bd4795D7aCe0da3C0Ff7b706a5970eb9D3",
    "email": "info@allsportschain.com"
}