{
    "website": "https://wax.io/",
    "published_on": "2017-09-26",
    "links": {
        "telegram": "https://t.me/waxtokenannoucements",
        "reddit": "https://www.reddit.com/r/WAX_io/",
        "facebook": "https://www.facebook.com/WAX.io.Community/",
        "twitter": "https://twitter.com/WAX_io"
    },
    "overview": {
        "en": "Global Decentralized Marketplace for Virtual Assets.",
        "zh": "去中心化的全球虚拟资产交易市场。"
    },
    "symbol": "WAX",
    "initial_price": {
        "ETH": "0.00025 ETH",
        "USD": "0.20 USD"
    },
    "whitepaper": "https://wax.io/documents/WAX_White_Paper.pdf?1514330404",
    "address": "0x39Bb259F66E1C59d5ABEF88375979b4D20D98022",
    "email": "support@wax.io"
}