{
  "symbol": "BOS",
  "address": "0x3c0cac8290e2a6241814f812259278bea9050838",
  "overview":{
        "en": "BOS Blockchain for Financial Services.",
        "zh": ""
  },
  "email": "support@bostoken.co",
  "website": "http://www.bostoken.co/",
  "whitepaper": "https://github.com/Bostoken/bostoken.github.io/raw/master/whitepaper.pdf",
  "state": "NORMAL",
  "published_on": "2018-06-19",
  "initial_price":{
        "ETH":"0.00000005 ETH",
        "USD":"0.000002 USD",
        "BTC":"0.00000000003 BTC"
  },
  "links": {
    "blog": "http://www.bostoken.co",
    "twitter": "https://twitter.com/bosblockchain",
    "telegram": "https://t.me/bostokenofficial",
    "github": "https://github.com/bostoken",
    "facebook": "https://www.facebook.com/BOS-Blockhain-439172769828110/",
    "reddit": "https://www.reddit.com/r/bostoken/",
    "slack": "https://bostoken.slack.com",
    "medium": "https://medium.com/bostoken"
  }
