{
    "website": "https://bankex.com/",
    "published_on": "2017-11-28",
    "links": {
        "telegram": "https://t.me/bankex",
        "reddit": "https://www.reddit.com/r/bankex/",
        "github": "https://github.com/BankEx",
        "facebook": "https://www.facebook.com/BankExchange/",
        "twitter": "https://twitter.com/BankExProtocol"
    },
    "overview": {
        "en": "The BANKEX Proof-of-Asset (PoA) Protocol is a new standard used to create smart assets and smart contracts for decentralized capital markets.",
        "zh": "开源 PoA 协议，用于真实资产的标记和交换。"
    },
    "symbol": "BKX",
    "initial_price": {
        "ETH": "0.002 ETH",
        "USD": "0.93 USD",
        "BTC": "0.00009398 BTC"
    },
    "whitepaper": "https://bankex.com/en/whitepaper",
    "address": "0x45245bc59219eeaAF6cD3f382e078A461FF9De7B"
}