{
    "website": "https://www.aeternity.com/",
    "published_on": "2017-05-29",
    "links": {
        "telegram": "https://telegram.me/aeternity",
        "reddit": "https://www.reddit.com/r/Aeternity/",
        "github": "https://github.com/aeternity",
        "facebook": "https://www.facebook.com/aeternityproject/",
        "twitter": "https://twitter.com/aeternity"
    },
    "overview": {
        "en": "Aeternity is a scalable blockchain platform that enables high-speed transacting, purely-functional smart contracts, and decentralized oracles.",
        "zh": "Aeternity 是可拓展的区块链平台，亮点：快速交易、图灵完备的智能合约和去中心化预言机。"
    },
    "symbol": "AE",
    "initial_price": {
        "ETH": "0.0014 ETH",
        "USD": "0.27 USD"
    },
    "whitepaper": "https://aeternity.com/aeternity-blockchain-whitepaper.pdf",
    "address": "0x5CA9a71B1d01849C0a95490Cc00559717fCF0D1d",
    "email": "info@aeternity.com"
}