{
  "symbol": "CTC",
  "address": "0x66969da31cccab81366524de642a9fc764532c26",
  "overview": {
    "en": "LEOOY Online travel platform is a one-stop travel service cultural platform of brand-new concept created by the Singapore Cultural Tourism Foundation to subvert the traditional tourism consumption ideas, and simply referred to as LEOOY.",
    "zh": "乐鸥在线文旅平台是新加坡文化旅游基金会全力打造的一个颠覆传统旅游消费观念的全新概念一站式的旅游服务文化交流平台，简称为乐鸥文旅平台。"
  },
  "email": "goomtusupport@foxmail.com",
  "website": "http://www.culturetravel.io/",
  "whitepaper": "http://www.culturetravel.io/static/pdf/LeooyWhitepaperEn-draft.pdf",
  "state": "LOCKED",
  "published_on": "2018-05-01",
  "initial_price": {
    "ETH": "0.0001 ETH"
  },
  "links": {
    "twitter": "https://twitter.com/CTCleou?s=0",
    "telegram": "https://m.facebook.com/groups/642365836107284",
    "facebook": "https://t.me/joinchat/G7OdWxH4FI8VGy4GfuSspg"
  }
}