{
    "symbol": "UGI",
    "address": "0x71d6c373dd0d08da66d578fe623b6ed4c9e671a9",
    "overview": {
        "en": "Universal global integration - a global integration and exchange platform based on block chain.",
        "zh": "全球积分宝UGI，是基于区块链的全球积分通兑平台。"
    },
    "links": {
        "twitter": "https://mobile.twitter.com/wdiwng1"
    },
    "email": "service@ugicoin.net",
    "website": "http://www.ugicoin.net/",
    "whitepaper": "http://www.ugicoin.net/white-papers.html",
    "published_on": "2018-06-22"
}
