{
  "symbol": "MET",
  "address": "0x76cb396Be0f76DbC58A8eB0569B7163Bf02d5555",
  "overview":{
        "en": "",
        "zh": "MET 是Monster Energy Token 妖怪通用积分的简称，是以太妖怪游戏平台专用的区块链通用积分，游戏内虚拟资产的专属数字凭证。“以太妖怪”是一款具有良好平衡性与可持续性的经营策略类区块链游戏，活跃的玩家社群，丰富的流通性支持及多样的增值方式，使其成为全网挖矿收益较高的区块链游戏，受到了很多玩家的积极关注。以太妖怪正致力于建设区块链游戏生态平台，让游戏不再仅仅是一种娱乐消遣，而是成为了一种获取数字资产的方式，从而推动网络游戏的转型升级。"
  },
  "email": "bruce0808@protonmail.com",
  "website": "https://etmon.cc",
  "whitepaper": "https://etmon.cc/static/file/Monster%20ET(%E4%BB%A5%E5%A4%AA%E5%A6%96%E6%80%AA)%E8%AE%BE%E8%AE%A1%E4%B9%A6.pdf",
  "state": "NORMAL",
  "published_on": "2018-06-12",
  "initial_price":{
        "ETH":"0.0 ETH",
        "USD":"0.0 USD",
        "BTC":"0.0 BTC"
  },
  "links": {
    "telegram": "https://0.plus/etmon2018"
    }
}
