{
    "website":"https://ethlend.io/",
    "published_on":"2017-11-25",
    "links":{
        "reddit":"https://www.reddit.com/r/ETHLend/",
        "github":"https://github.com/ETHLend",
        "slack":"https://join.slack.com/t/ethlend/shared_invite/enQtMjM3NzI4NTAzMjAzLTg0ZjIxOTVlZTE0MzkwYTI5Njc1NGIyOTMxMWExZTY4ZmViNzQzYjJjNTY2ZWIzMThhNjMwOTBmNGNhZjJjMWM",
        "telegram":"https://t.me/ETHLend",
        "twitter":"https://twitter.com/ethlend1",
        "facebook":"https://www.facebook.com/ETHLend/"
    },
    "overview":{
        "en":"Decentralized and secure financial marketplace for peer to peer lending agreements using Blockchain and Smart Contracts.",
        "zh":"Ethlend 是一个全球去中心化的借贷应用，基于以太坊搭建的链接全球的借款人和放款方，通过使用 ERC-20 标准代币和 ENS 的网域，用户可以抵押任意 ERC20 代币获取 ETH。"
    },
    "symbol":"LEND",
    "initial_price":{
        "ETH":"0.000043 ETH",
        "USD":"0.0173 USD"
    },
    "whitepaper":"https://github.com/ETHLend/Documentation/blob/master/ETHLendWhitePaper.md",
    "address":"0x80fB784B7eD66730e8b1DBd9820aFD29931aab03",
    "email":"hi@ethlend.io"
}