{
    "website":"https://iconomi.net/",
    "published_on":"2017-08-25",
    "links":{
        "reddit":"https://www.reddit.com/r/ICONOMI",
        "facebook":"https://www.facebook.com/iconomi.net/",
        "slack":"https://iconominet.slack.com/",
        "twitter":"https://twitter.com/iconominet"
    },
    "overview":{
        "en":"ICONOMI Digital Assets Management platform enables simple access to a variety of digital assets and combined Digital Asset Arrays.",
        "zh":"ICONOMI 数字资产管理平台是一项新颖独特的技术服务，允许初学者和区块链专家投资和管理数字资产。"
    },
    "symbol":"ICN",
    "initial_price":{
        "ETH":"0.0003333 ETH",
        "USD":"0.11 USD"
    },
    "address":"0x888666CA69E0f178DED6D75b5726Cee99A87D698",
    "email":"support@iconomi.net"
}