{
  "symbol": "FFKD",
  "address": "0x897d549EF2f848DE133Ba88F1983F0ec0C3222a7",
  "overview":{
			"zh":"FFKD项目是一个面向技术的分布式解决方案。通过自主研发的可定制联盟链、跨链技术、文化资产交易平台，打通全球化的公有链和本土化的文创联盟链，链接全球多元的文化商业环境以及由此构建的分布式经济生态。",
			"en":"The FFKD project is a technology oriented distributed solution. Through the independent research and development of customizable alliance chain, cross chain technology and cultural asset trading platform, we can link the global chain of public sector and the indigenous chain of literary creation, linking the global multicultural and commercial environment and the resulting distributed economic ecology."
		},
  "email": "18902833865@163.com",
  "website": "http://fengfengke.com"
}