{
    "website": "https://tomochain.com/",
    "published_on": "2018-03-01",
    "links": {
        "telegram": "https://t.me/tomochain",
        "twitter": "https://twitter.com/TomochainANN",
        "github": "https://github.com/tomochain",
        "facebook": "https://www.facebook.com/tomochainofficial"
    },
    "overview": {
        "en": "Building an efficient blockchain infrastructure for decentralized applications, token issuance and integration.",
        "zh": "TomoChain 提供改进以太坊区块链可扩展性的解决方案。"
    },
    "symbol": "TOMO",
    "initial_price": {
        "ETH": "0.0002875 ETH",
        "USD": "0.25 USD",
        "BTC": "0.00002288 BTC"
    },
    "whitepaper": "https://drive.google.com/file/d/1EAs7llLOpQx3YH1onvC4Qb107sIiztcm/view",
    "address": "0x8b353021189375591723E7384262F45709A3C3dC",
    "email": "info@tomochain.com"
}