{
  "symbol": "TST",
  "address": "0x9eeab220e44410c16ac80c12830bc11af7dd5c6e",
  "overview": {
    "en": "TST is dedicated to R&D blockchain game and blockchain game ecosystem",
    "zh": "TST 致力于区块链游戏生态与发行"
  },
  "email": "team@tst.games",
  "website": "https://www.tst.games",
  "whitepaper": "https://tst.games/TSTwhitepaparCN.pdf",
  "state": "NORMAL",
  "published_on": "2018-06-23",
  "initial_price": {
    "ETH": "0.0001 ETH",
    "USD": "0.0425 USD",
    "BTC": "0.00000733 BTC"
  },
  "links": {
    "telegram": "https://t.me/thunderstoneENT",
    "github": "https://github.com/tstgamesteam",
    "medium": "https://medium.com/@ThunderStoneEnt"
  }
}