{
    "website": "https://proxeus.com/",
    "overview": {
        "en": "We bring blockchain compatibility to traditional companies by integrating a blockchain layer into existing enterprise systems.",
        "zh": "将区块链技术整合到现有的企业系统中，帮助传统公司兼容升级到区块链服务。"
    },
    "symbol": "XES",
    "links": {
        "telegram": "https://t.me/joinchat/Gj6qYUpY1XHgHGnQa9msvA",
        "reddit": "https://www.reddit.com/r/proxeus/",
        "facebook": "https://www.facebook.com/proxeusapp/",
        "twitter": "https://twitter.com/proxeusapp"
    },
    "address": "0xA017ac5faC5941f95010b12570B812C974469c2C"
}