{
    "symbol": "ELT",
    "address": "0xAd14E61E0C450f525429861b1E482EeDf914A541",
    "overview": {
        "en": "EthLinker - Ethereum Smart Contracts and Real-World Linker, is a global leader in providing smart contract services, designed to allow users to simply use various applications in smart contracts.",
        "zh": "EthLinker - 以太坊智能合约与现实世界的链接器，是一家全球领先提供智能合约服务的平台，旨在让用户简单地去使用智能合约里面的各种应用。"
    },
    "email": "support@ethlinker.com",
    "website": "https://www.ethlinker.com/",
    "published_on": "2018-04-01",
    "links": {
        "telegram": "https://t.me/ethlinker"
    }
}
