{
    "website": "https://www.bibox.com/",
    "published_on": "2017-10-01",
    "links": {
        "telegram": "https://t.me/BiboxGroup",
        "github": "https://github.com/bibox365/bixtoken"
    },
    "overview": {
        "en": "AI Enhanced Encrypted Digital Asset Exchange.",
        "zh": "基于 AI 技术的数字资产交易所。"
    },
    "symbol": "BIX",
    "initial_price": {
        "ETH": "0.00055556 ETH",
        "USD": "0.17 USD"
    },
    "whitepaper": "https://www.bibox365.com/static/pdf/Bibox_Whitepaper.pdf",
    "address": "0xb3104b4B9Da82025E8b9F8Fb28b3553ce2f67069",
    "email": "service@bibox.com"
}