{
    "symbol": "LEMO",
    "address": "0xB5AE848EdB296C21259b7467331467d2647eEcDf",
    "overview": {
        "en": "Decentralized Business Data Circulation Infrastructure.",
        "zh": "去中心化商业数据确权及流通平台"
    },
    "email": "foundation@lemochain.com",
    "website": "https://www.lemochain.com",
    "whitepaper": "https://lemochip.hellobyebye.com/LemoChain_WhitePaper_v2.3_zh.pdf",
    "published_on": "2018-05-25",
    "initial_price": {
        "ETH": "0.00011111 ETH"
    },
    "links": {
        "twitter": "https://twitter.com/LemoChain",
        "telegram": "https://t.me/lemochain",
        "github": "https://github.com/LemoFoundationLtd",
        "facebook": "https://www.facebook.com/your-awesome-project",
        "reddit": "https://www.reddit.com/user/LemoChain/",
        "medium": "https://medium.com/@lemochain"
    }
}