{
    "website": "https://www.arcblock.io/",
    "published_on": "2018-02-04",
    "links": {
        "telegram": "https://t.me/ArcBlock",
        "reddit": "https://www.reddit.com/r/arcblock/",
        "github": "https://github.com/arcblock",
        "facebook": "https://www.facebook.com/arcblock.io/",
        "twitter": "https://twitter.com/ArcBlock_io"
    },
    "overview": {
        "en": "An open source protocol that provides an abstract layer for accessing underlying blockchains, enabling your application to work on different blockchains.",
        "zh": "区块基石(Arcblock)是一个专门用于开发和部署去中心化区块链应用的服务平台和一个多方参与形成的生态系统，旨在解决目前区块链应用领域的几个普遍存在的、阻碍区块链技术得以在公众范围内普及应用的问题。"
    },
    "symbol": "ABT",
    "initial_price": {
        "ETH": "0.00053 ETH",
        "USD": "0.50 USD"
    },
    "whitepaper": "https://www.arcblock.io/file/whitepaper/WhitePaperEnV2_en-US.pdf",
    "address": "0xB98d4C97425d9908E66E53A6fDf673ACcA0BE986",
    "email": "support@arcblock.io"
}