{
    "symbol": "TOC",
    "address": "0xbc4a124fab7d1f7f3f02ba7167df9186a71f3b26",
    "overview":{
          "en": "TOC is a decentralized solution based on e-sport + entertainment live video industry",
          "zh": "TOC是一个立足于电竞+娱乐直播视频产业的去中心化解决方案"
    },
    "email": "ritsu.yan@foxmail.com",
    "website": "http://www.tocpro.world/",
    "whitepaper": "http://www.tocpro.world/lib/TOC.pdf",
    "state": "NORMAL",
    "published_on": "2018-01-01",
    "initial_price":{
          "ETH":"0.00166666 ETH",
          "USD":"0.7 USD",
          "BTC":"0.00004137 BTC"
    },
    "links": {
      "twitter": "https://twitter.com/toc_official_"
    }
  }
  