{
  "symbol": "SLOWMIST",
  "address": "0xcb0797aaca2fd4edd3bf07e7157d40322629af8b",
  "overview":{
		"en": "SlowMist Zone Token, Hello World in Blockchain Security.",
		"zh": "慢雾币，区块链生态里的安全 Hello World。"
  },
  "website": "https://slowmist.com/",
  "state": "LOCKED",
  "published_on": "2018-05-29",
  "initial_price":{
        "ETH":"0.00012207 ETH"
  },
  "links": {
    "twitter": "https://twitter.com/SlowMist_Team",
    "github": "https://github.com/SlowMist"
  }
}
