{
    "symbol": "CST",
    "address": "0xceb43cc2625db7eb86c3a3a69a97d3da1931a9a3",
    "overview":
    {
        "en": "the early investment platform ofglobal blockchain project of chainstar",
        "zh": "全球区块链项目早期投融资平台ChainStar的平台币"
    },
    "email": "chainstar01@gmail.com",
    "website": "http://www.cst.ph/",
    "state": "NORMAL",
    "published_on": "2018-06-12",
    "links":
    {
        "instagram": "https://www.instagram.com/chainstar.is/",
        "twitter": "https://twitter.com/WenbiaoY",
        "facebook": "https://www.facebook.com/chainstar.cs",
        "youtobe": "https://www.youtube.com/channel/UCsx133FuUd0B63MG3MRCMcg?view_as=subscriber"
    }
}