{
    "website": "https://fusion.org/",
    "published_on": "2018-02-01",
    "links": {
        "telegram": "https://t.me/FUSIONFoundation",
        "twitter": "https://twitter.com/FUSIONProtocol",
        "github": "https://github.com/FUSIONFoundation",
        "facebook": "https://www.facebook.com/FUSIONProtocol"
    },
    "overview": {
        "en": "FUSION is a public blockchain devoting itself to creating an inclusive cryptofinancial platform by providing cross-chain, cross-organization, and cross-datasource smart contracts.",
        "zh": "FUSION 是一个公链，致力于通过提供跨链、跨组织和跨数据源的智能合约来创建一个包容性的加密金融平台。"
    },
    "symbol": "FSN",
    "initial_price": {
        "ETH": "0.0025 ETH",
        "USD": "2.06 USD"
    },
    "whitepaper": "https://fusion.org/files/FUSION%20Whitepaper%20V1.0.3.pdf",
    "address": "0xD0352a019e9AB9d757776F532377aAEbd36Fd541",
    "email": "info@fusion.org"
}